{
  "type": "FeatureCollection",
  "features": [
    {
      "type": "Feature",
      "geometry": {
        "type": "Polygon",
        "coordinates": [
          [
            [
              113.571343,
              22.199355
            ],
            [
              113.571354,
              22.198017
            ],
            [
              113.57137,
              22.197746
            ],
            [
              113.571433,
              22.197572
            ],
            [
              113.571556,
              22.197421
            ],
            [
              113.571599,
              22.19733
            ],
            [
              113.571779,
              22.197191
            ],
            [
              113.571992,
              22.197077
            ],
            [
              113.572284,
              22.197007
            ],
            [
              113.576541,
              22.197007
            ],
            [
              113.578417,
              22.197024
            ],
            [
              113.57866,
              22.197029
            ],
            [
              113.578791,
              22.19706
            ],
            [
              113.578927,
              22.197115
            ],
            [
              113.579702,
              22.197567
            ],
            [
              113.580242,
              22.197898
            ],
            [
              113.58058,
              22.198105
            ],
            [
              113.580779,
              22.198287
            ],
            [
              113.580913,
              22.198512
            ],
            [
              113.58097,
              22.198806
            ],
            [
              113.580996,
              22.204067
            ],
            [
              113.571513,
              22.20405
            ],
            [
              113.571387,
              22.203099
            ],
            [
              113.571392,
              22.201312
            ],
            [
              113.571389,
              22.199357
            ],
            [
              113.571343,
              22.199355
            ]
          ]
        ]
      },
      "properties": {
        "label": "港珠澳大橋口岸"
      }
    },
    {
      "type": "Feature",
      "geometry": {
        "type": "Polygon",
        "coordinates": [
          [
            [
              113.56211,
              22.210069
            ],
            [
              113.562235,
              22.209242
            ],
            [
              113.562272,
              22.208845
            ],
            [
              113.562286,
              22.207322
            ],
            [
              113.562559,
              22.204597
            ],
            [
              113.563731,
              22.202195
            ],
            [
              113.564301,
              22.201057
            ],
            [
              113.564764,
              22.199121
            ],
            [
              113.564833,
              22.196661
            ],
            [
              113.564683,
              22.194489
            ],
            [
              113.56474,
              22.192307
            ],
            [
              113.564925,
              22.190734
            ],
            [
              113.565387,
              22.190659
            ],
            [
              113.567178,
              22.189739
            ],
            [
              113.568553,
              22.189397
            ],
            [
              113.570067,
              22.189418
            ],
            [
              113.570714,
              22.189868
            ],
            [
              113.570217,
              22.196436
            ],
            [
              113.570205,
              22.201613
            ],
            [
              113.569512,
              22.204459
            ],
            [
              113.568657,
              22.207229
            ],
            [
              113.567998,
              22.208481
            ],
            [
              113.566402,
              22.209484
            ],
            [
              113.565549,
              22.209853
            ],
            [
              113.564255,
              22.210375
            ],
            [
              113.563501,
              22.210693
            ],
            [
              113.563023,
              22.210696
            ],
            [
              113.562753,
              22.210698
            ],
            [
              113.56248,
              22.210596
            ],
            [
              113.562281,
              22.210448
            ],
            [
              113.56211,
              22.210069
            ]
          ]
        ]
      },
      "properties": {
        "label": "新城A區"
      }
    },
    {
      "type": "Feature",
      "geometry": {
        "type": "Polygon",
        "coordinates": [
          [
            [
              113.537613,
              22.179639
            ],
            [
              113.537693,
              22.179519
            ],
            [
              113.538798,
              22.179514
            ],
            [
              113.538986,
              22.179467
            ],
            [
              113.539174,
              22.179512
            ],
            [
              113.539774,
              22.179532
            ],
            [
              113.54044,
              22.179691
            ],
            [
              113.54179,
              22.180055
            ],
            [
              113.543314,
              22.180366
            ],
            [
              113.543504,
              22.180356
            ],
            [
              113.543835,
              22.180517
            ],
            [
              113.544048,
              22.18046
            ],
            [
              113.544255,
              22.180538
            ],
            [
              113.544304,
              22.180559
            ],
            [
              113.544366,
              22.180577
            ],
            [
              113.544431,
              22.18059
            ],
            [
              113.544506,
              22.180639
            ],
            [
              113.544501,
              22.180697
            ],
            [
              113.544431,
              22.180766
            ],
            [
              113.544415,
              22.18093
            ],
            [
              113.544423,
              22.181044
            ],
            [
              113.544087,
              22.182487
            ],
            [
              113.543462,
              22.182403
            ],
            [
              113.542886,
              22.182338
            ],
            [
              113.542347,
              22.182179
            ],
            [
              113.541714,
              22.181675
            ],
            [
              113.541392,
              22.181573
            ],
            [
              113.541035,
              22.181303
            ],
            [
              113.539836,
              22.180587
            ],
            [
              113.538428,
              22.179902
            ],
            [
              113.537975,
              22.179817
            ],
            [
              113.537951,
              22.179775
            ],
            [
              113.537838,
              22.179785
            ],
            [
              113.537822,
              22.179718
            ],
            [
              113.537655,
              22.17978
            ],
            [
              113.537613,
              22.179639
            ]
          ]
        ]
      },
      "properties": {
        "label": "新城B區（A）"
      }
    },
    {
      "type": "Feature",
      "geometry": {
        "type": "Polygon",
        "coordinates": [
          [
            [
              113.545555,
              22.182679
            ],
            [
              113.545815,
              22.181616
            ],
            [
              113.545874,
              22.181198
            ],
            [
              113.545938,
              22.180943
            ],
            [
              113.545984,
              22.180883
            ],
            [
              113.546056,
              22.180851
            ],
            [
              113.546129,
              22.180853
            ],
            [
              113.54677,
              22.181037
            ],
            [
              113.547531,
              22.181206
            ],
            [
              113.548274,
              22.181392
            ],
            [
              113.548628,
              22.181524
            ],
            [
              113.548976,
              22.181687
            ],
            [
              113.549283,
              22.181861
            ],
            [
              113.54961,
              22.182075
            ],
            [
              113.549921,
              22.182353
            ],
            [
              113.550195,
              22.182669
            ],
            [
              113.550133,
              22.183074
            ],
            [
              113.549986,
              22.183322
            ],
            [
              113.549961,
              22.18358
            ],
            [
              113.550044,
              22.183788
            ],
            [
              113.550013,
              22.183961
            ],
            [
              113.549897,
              22.184395
            ],
            [
              113.549827,
              22.184837
            ],
            [
              113.549742,
              22.18513
            ],
            [
              113.549567,
              22.185272
            ],
            [
              113.549645,
              22.185344
            ],
            [
              113.549742,
              22.185319
            ],
            [
              113.549841,
              22.185115
            ],
            [
              113.549951,
              22.184685
            ],
            [
              113.549988,
              22.184395
            ],
            [
              113.55009,
              22.184047
            ],
            [
              113.550117,
              22.183881
            ],
            [
              113.550109,
              22.183724
            ],
            [
              113.550055,
              22.18356
            ],
            [
              113.550074,
              22.183334
            ],
            [
              113.550208,
              22.183146
            ],
            [
              113.550321,
              22.183096
            ],
            [
              113.550455,
              22.183108
            ],
            [
              113.550544,
              22.183158
            ],
            [
              113.550709,
              22.183504
            ],
            [
              113.55087,
              22.183971
            ],
            [
              113.551446,
              22.186038
            ],
            [
              113.551353,
              22.18611
            ],
            [
              113.549592,
              22.185447
            ],
            [
              113.549489,
              22.185547
            ],
            [
              113.548918,
              22.185235
            ],
            [
              113.548539,
              22.184879
            ],
            [
              113.547682,
              22.184144
            ],
            [
              113.54736,
              22.183668
            ],
            [
              113.546773,
              22.183288
            ],
            [
              113.546176,
              22.183038
            ],
            [
              113.545555,
              22.182679
            ]
          ]
        ]
      },
      "properties": {
        "label": "新城B區（B）"
      }
    },
    {
      "type": "Feature",
      "geometry": {
        "type": "Polygon",
        "coordinates": [
          [
            [
              113.539817,
              22.169187
            ],
            [
              113.539891,
              22.168829
            ],
            [
              113.539874,
              22.16829
            ],
            [
              113.540392,
              22.167352
            ],
            [
              113.540367,
              22.166978
            ],
            [
              113.540635,
              22.166732
            ],
            [
              113.54058,
              22.166724
            ],
            [
              113.540955,
              22.166396
            ],
            [
              113.541641,
              22.166551
            ],
            [
              113.541995,
              22.166253
            ],
            [
              113.541794,
              22.165652
            ],
            [
              113.542081,
              22.165237
            ],
            [
              113.542695,
              22.165165
            ],
            [
              113.545096,
              22.165721
            ],
            [
              113.547306,
              22.166236
            ],
            [
              113.547429,
              22.166308
            ],
            [
              113.547526,
              22.166386
            ],
            [
              113.547547,
              22.166583
            ],
            [
              113.547019,
              22.168993
            ],
            [
              113.546976,
              22.169192
            ],
            [
              113.546831,
              22.169383
            ],
            [
              113.546585,
              22.169398
            ],
            [
              113.546403,
              22.170066
            ],
            [
              113.546362,
              22.170265
            ],
            [
              113.546319,
              22.170297
            ],
            [
              113.546405,
              22.17052
            ],
            [
              113.546442,
              22.170632
            ],
            [
              113.546466,
              22.170761
            ],
            [
              113.546477,
              22.170856
            ],
            [
              113.546381,
              22.171072
            ],
            [
              113.54623,
              22.171164
            ],
            [
              113.546104,
              22.171216
            ],
            [
              113.542961,
              22.171129
            ],
            [
              113.543068,
              22.170722
            ],
            [
              113.543315,
              22.170414
            ],
            [
              113.543409,
              22.170513
            ],
            [
              113.543733,
              22.170319
            ],
            [
              113.544141,
              22.170327
            ],
            [
              113.544526,
              22.170259
            ],
            [
              113.544793,
              22.169944
            ],
            [
              113.544852,
              22.169666
            ],
            [
              113.544919,
              22.169368
            ],
            [
              113.54501,
              22.169132
            ],
            [
              113.544922,
              22.168881
            ],
            [
              113.544686,
              22.168727
            ],
            [
              113.543671,
              22.168463
            ],
            [
              113.543256,
              22.168424
            ],
            [
              113.54298,
              22.168469
            ],
            [
              113.542754,
              22.168511
            ],
            [
              113.54251,
              22.168625
            ],
            [
              113.542347,
              22.168707
            ],
            [
              113.54218,
              22.168834
            ],
            [
              113.541793,
              22.169158
            ],
            [
              113.541563,
              22.169331
            ],
            [
              113.541612,
              22.169373
            ],
            [
              113.541582,
              22.16943
            ],
            [
              113.541172,
              22.169659
            ],
            [
              113.54067,
              22.169693
            ],
            [
              113.540153,
              22.169517
            ],
            [
              113.539817,
              22.169187
            ]
          ]
        ]
      },
      "properties": {
        "label": "新城C區"
      }
    },
    {
      "type": "Feature",
      "geometry": {
        "type": "Polygon",
        "coordinates": [
          [
            [
              113.548555,
              22.170416
            ],
            [
              113.549263,
              22.166839
            ],
            [
              113.549532,
              22.166556
            ],
            [
              113.549902,
              22.166521
            ],
            [
              113.550272,
              22.166561
            ],
            [
              113.553223,
              22.167068
            ],
            [
              113.553658,
              22.167242
            ],
            [
              113.55377,
              22.167356
            ],
            [
              113.553776,
              22.16745
            ],
            [
              113.553604,
              22.167848
            ],
            [
              113.553427,
              22.16833
            ],
            [
              113.553641,
              22.168662
            ],
            [
              113.553856,
              22.168826
            ],
            [
              113.555272,
              22.16829
            ],
            [
              113.555079,
              22.167992
            ],
            [
              113.55472,
              22.167992
            ],
            [
              113.554521,
              22.167773
            ],
            [
              113.554473,
              22.167589
            ],
            [
              113.554564,
              22.167376
            ],
            [
              113.55472,
              22.167237
            ],
            [
              113.554859,
              22.167172
            ],
            [
              113.55509,
              22.167197
            ],
            [
              113.555465,
              22.167455
            ],
            [
              113.555744,
              22.167634
            ],
            [
              113.556302,
              22.167555
            ],
            [
              113.557273,
              22.167525
            ],
            [
              113.55767,
              22.167609
            ],
            [
              113.558067,
              22.167743
            ],
            [
              113.558749,
              22.167892
            ],
            [
              113.559558,
              22.168116
            ],
            [
              113.560808,
              22.168002
            ],
            [
              113.561468,
              22.167912
            ],
            [
              113.561801,
              22.167907
            ],
            [
              113.56209,
              22.168046
            ],
            [
              113.562262,
              22.168305
            ],
            [
              113.562289,
              22.168861
            ],
            [
              113.562248,
              22.170754
            ],
            [
              113.562128,
              22.170997
            ],
            [
              113.561978,
              22.171151
            ],
            [
              113.561651,
              22.171261
            ],
            [
              113.549334,
              22.17129
            ],
            [
              113.549017,
              22.171226
            ],
            [
              113.548771,
              22.171062
            ],
            [
              113.548631,
              22.170858
            ],
            [
              113.548556,
              22.17064
            ],
            [
              113.548555,
              22.170416
            ]
          ]
        ]
      },
      "properties": {
        "label": "新城D區"
      }
    },
    {
      "type": "Feature",
      "geometry": {
        "type": "Polygon",
        "coordinates": [
          [
            [
              113.540085,
              22.135154
            ],
            [
              113.540282,
              22.132523
            ],
            [
              113.540696,
              22.124043
            ],
            [
              113.541064,
              22.123454
            ],
            [
              113.542965,
              22.122296
            ],
            [
              113.545673,
              22.12059
            ],
            [
              113.54656,
              22.1206
            ],
            [
              113.54727,
              22.132614
            ],
            [
              113.547426,
              22.136087
            ],
            [
              113.543176,
              22.135933
            ],
            [
              113.540168,
              22.135822
            ],
            [
              113.540092,
              22.135518
            ],
            [
              113.540085,
              22.135154
            ]
          ]
        ]
      },
      "properties": {
        "label": "澳門大學"
      }
    },
    {
      "type": "Feature",
      "geometry": {
        "type": "Polygon",
        "coordinates": [
          [
            [
              113.543246,
              22.18775
            ],
            [
              113.543705,
              22.187218
            ],
            [
              113.548618,
              22.165197
            ],
            [
              113.548825,
              22.165207
            ],
            [
              113.543865,
              22.187282
            ],
            [
              113.543992,
              22.187771
            ],
            [
              113.543808,
              22.187803
            ],
            [
              113.543727,
              22.187527
            ],
            [
              113.543532,
              22.18775
            ],
            [
              113.543246,
              22.18775
            ]
          ]
        ]
      },
      "properties": {
        "label": "嘉樂庇總督大橋"
      }
    },
    {
      "type": "Feature",
      "geometry": {
        "type": "Polygon",
        "coordinates": [
          [
            [
              113.529916,
              22.181214
            ],
            [
              113.531155,
              22.180278
            ],
            [
              113.531936,
              22.179768
            ],
            [
              113.532355,
              22.178961
            ],
            [
              113.533423,
              22.177473
            ],
            [
              113.536418,
              22.171595
            ],
            [
              113.53915,
              22.166111
            ],
            [
              113.539471,
              22.166206
            ],
            [
              113.536567,
              22.17201
            ],
            [
              113.533641,
              22.17777
            ],
            [
              113.533526,
              22.178068
            ],
            [
              113.533411,
              22.178461
            ],
            [
              113.53286,
              22.179226
            ],
            [
              113.532444,
              22.180151
            ],
            [
              113.531881,
              22.180619
            ],
            [
              113.53102,
              22.180969
            ],
            [
              113.529916,
              22.181214
            ]
          ]
        ]
      },
      "properties": {
        "label": "西灣大橋"
      }
    },
    {
      "type": "Feature",
      "geometry": {
        "type": "Polygon",
        "coordinates": [
          [
            [
              113.561967,
              22.199277
            ],
            [
              113.562261,
              22.199215
            ],
            [
              113.562803,
              22.198765
            ],
            [
              113.563029,
              22.197896
            ],
            [
              113.563108,
              22.1964
            ],
            [
              113.563244,
              22.181435
            ],
            [
              113.5633,
              22.17367
            ],
            [
              113.563357,
              22.166772
            ],
            [
              113.56304,
              22.165234
            ],
            [
              113.563673,
              22.165349
            ],
            [
              113.564148,
              22.16537
            ],
            [
              113.564024,
              22.165506
            ],
            [
              113.564464,
              22.16582
            ],
            [
              113.564699,
              22.166259
            ],
            [
              113.564058,
              22.166835
            ],
            [
              113.563752,
              22.167055
            ],
            [
              113.563617,
              22.167693
            ],
            [
              113.563388,
              22.196651
            ],
            [
              113.563323,
              22.197708
            ],
            [
              113.563266,
              22.198147
            ],
            [
              113.563345,
              22.198806
            ],
            [
              113.563334,
              22.199131
            ],
            [
              113.563164,
              22.199476
            ],
            [
              113.562792,
              22.199727
            ],
            [
              113.562362,
              22.199738
            ],
            [
              113.562249,
              22.199487
            ],
            [
              113.561967,
              22.199277
            ]
          ]
        ]
      },
      "properties": {
        "label": "友誼大橋"
      }
    },
    {
      "type": "Feature",
      "geometry": {
        "type": "Polygon",
        "coordinates": [
          [
            [
              113.570323,
              22.19501
            ],
            [
              113.570369,
              22.194441
            ],
            [
              113.571641,
              22.192758
            ],
            [
              113.571971,
              22.191895
            ],
            [
              113.572363,
              22.191195
            ],
            [
              113.572636,
              22.190485
            ],
            [
              113.57288,
              22.189691
            ],
            [
              113.573102,
              22.188454
            ],
            [
              113.573158,
              22.186871
            ],
            [
              113.573068,
              22.174165
            ],
            [
              113.573016,
              22.172112
            ],
            [
              113.572908,
              22.170913
            ],
            [
              113.572596,
              22.169682
            ],
            [
              113.572147,
              22.168292
            ],
            [
              113.57155,
              22.166772
            ],
            [
              113.571148,
              22.165543
            ],
            [
              113.570719,
              22.164231
            ],
            [
              113.57117,
              22.164251
            ],
            [
              113.571346,
              22.164851
            ],
            [
              113.571619,
              22.165619
            ],
            [
              113.572408,
              22.167177
            ],
            [
              113.572823,
              22.168408
            ],
            [
              113.573165,
              22.169745
            ],
            [
              113.573395,
              22.17227
            ],
            [
              113.573471,
              22.179847
            ],
            [
              113.573494,
              22.187439
            ],
            [
              113.573327,
              22.189675
            ],
            [
              113.572827,
              22.191337
            ],
            [
              113.572418,
              22.192411
            ],
            [
              113.57194,
              22.194263
            ],
            [
              113.57194,
              22.197103
            ],
            [
              113.571551,
              22.197356
            ],
            [
              113.571528,
              22.193421
            ],
            [
              113.570925,
              22.194178
            ],
            [
              113.570323,
              22.19501
            ]
          ]
        ]
      },
      "properties": {
        "label": "澳門大橋"
      }
    },
    {
      "type": "Feature",
      "geometry": {
        "type": "Polygon",
        "coordinates": [
          [
            [
              113.547603,
              22.13987
            ],
            [
              113.551904,
              22.139644
            ],
            [
              113.551909,
              22.139793
            ],
            [
              113.551899,
              22.139934
            ],
            [
              113.547649,
              22.140253
            ],
            [
              113.547603,
              22.13987
            ]
          ]
        ]
      },
      "properties": {
        "label": "蓮花大橋"
      }
    },
    {
      "type": "Feature",
      "geometry": {
        "type": "Polygon",
        "coordinates": [
          [
            [
              113.569004,
              22.15575
            ],
            [
              113.570028,
              22.154214
            ],
            [
              113.570859,
              22.153017
            ],
            [
              113.571201,
              22.15244
            ],
            [
              113.571802,
              22.151627
            ],
            [
              113.572379,
              22.151328
            ],
            [
              113.574665,
              22.152461
            ],
            [
              113.575496,
              22.152974
            ],
            [
              113.576235,
              22.154236
            ],
            [
              113.575773,
              22.154086
            ],
            [
              113.575888,
              22.154535
            ],
            [
              113.576696,
              22.155326
            ],
            [
              113.576892,
              22.155401
            ],
            [
              113.580736,
              22.152964
            ],
            [
              113.589521,
              22.147522
            ],
            [
              113.589313,
              22.147244
            ],
            [
              113.589602,
              22.146389
            ],
            [
              113.589279,
              22.146143
            ],
            [
              113.589359,
              22.146036
            ],
            [
              113.589683,
              22.14625
            ],
            [
              113.589867,
              22.146058
            ],
            [
              113.590087,
              22.146122
            ],
            [
              113.59026,
              22.146004
            ],
            [
              113.592742,
              22.13928
            ],
            [
              113.594439,
              22.134565
            ],
            [
              113.595178,
              22.13402
            ],
            [
              113.595766,
              22.134074
            ],
            [
              113.597856,
              22.134769
            ],
            [
              113.598168,
              22.135132
            ],
            [
              113.598318,
              22.13557
            ],
            [
              113.598145,
              22.136255
            ],
            [
              113.596505,
              22.140606
            ],
            [
              113.593423,
              22.148933
            ],
            [
              113.590479,
              22.156929
            ],
            [
              113.588413,
              22.162488
            ],
            [
              113.587374,
              22.165342
            ],
            [
              113.586727,
              22.165726
            ],
            [
              113.586346,
              22.165769
            ],
            [
              113.585169,
              22.165352
            ],
            [
              113.584788,
              22.164914
            ],
            [
              113.584666,
              22.164518
            ],
            [
              113.584943,
              22.163535
            ],
            [
              113.578848,
              22.161611
            ],
            [
              113.578596,
              22.162192
            ],
            [
              113.578247,
              22.162114
            ],
            [
              113.578069,
              22.162044
            ],
            [
              113.57788,
              22.16214
            ],
            [
              113.576939,
              22.162402
            ],
            [
              113.576052,
              22.162553
            ],
            [
              113.575719,
              22.162572
            ],
            [
              113.575446,
              22.162469
            ],
            [
              113.575085,
              22.161199
            ],
            [
              113.57485,
              22.160501
            ],
            [
              113.57468,
              22.159917
            ],
            [
              113.574454,
              22.159167
            ],
            [
              113.5742,
              22.158435
            ],
            [
              113.573852,
              22.157999
            ],
            [
              113.573438,
              22.157694
            ],
            [
              113.572929,
              22.157441
            ],
            [
              113.572522,
              22.15725
            ],
            [
              113.569842,
              22.156099
            ],
            [
              113.569004,
              22.15575
            ]
          ],
          [
            [
              113.576988,
              22.155724
            ],
            [
              113.5772,
              22.156019
            ],
            [
              113.57754,
              22.15579
            ],
            [
              113.577746,
              22.15549
            ],
            [
              113.577867,
              22.155408
            ],
            [
              113.577955,
              22.15537
            ],
            [
              113.57809,
              22.155388
            ],
            [
              113.578158,
              22.15543
            ],
            [
              113.578234,
              22.155475
            ],
            [
              113.578267,
              22.155547
            ],
            [
              113.578264,
              22.155686
            ],
            [
              113.578135,
              22.155929
            ],
            [
              113.577996,
              22.155978
            ],
            [
              113.577775,
              22.155989
            ],
            [
              113.577607,
              22.156084
            ],
            [
              113.577387,
              22.156218
            ],
            [
              113.577742,
              22.156837
            ],
            [
              113.578002,
              22.157481
            ],
            [
              113.579027,
              22.161135
            ],
            [
              113.582715,
              22.162357
            ],
            [
              113.58321,
              22.162379
            ],
            [
              113.585531,
              22.161964
            ],
            [
              113.586933,
              22.15819
            ],
            [
              113.590385,
              22.148818
            ],
            [
              113.589914,
              22.148109
            ],
            [
              113.589761,
              22.147869
            ],
            [
              113.581159,
              22.15316
            ],
            [
              113.576988,
              22.155724
            ]
          ]
        ]
      },
      "properties": {
        "label": "機場"
      }
    },
    {
      "type": "Feature",
      "geometry": {
        "type": "Polygon",
        "coordinates": [
          [
            [
              113.564315,
              22.16834
            ],
            [
              113.564389,
              22.167976
            ],
            [
              113.564488,
              22.167806
            ],
            [
              113.564614,
              22.167661
            ],
            [
              113.564794,
              22.167525
            ],
            [
              113.565086,
              22.167389
            ],
            [
              113.566493,
              22.167078
            ],
            [
              113.565886,
              22.164882
            ],
            [
              113.566154,
              22.164748
            ],
            [
              113.566867,
              22.164773
            ],
            [
              113.567672,
              22.16476
            ],
            [
              113.569533,
              22.164358
            ],
            [
              113.570231,
              22.164209
            ],
            [
              113.570692,
              22.164229
            ],
            [
              113.570771,
              22.164418
            ],
            [
              113.571349,
              22.166229
            ],
            [
              113.571763,
              22.167437
            ],
            [
              113.568967,
              22.169292
            ],
            [
              113.564593,
              22.170728
            ],
            [
              113.564315,
              22.16834
            ]
          ]
        ]
      },
      "properties": {
        "label": "新城E1區"
      }
    },
    {
      "type": "Feature",
      "geometry": {
        "type": "Polygon",
        "coordinates": [
          [
            [
              113.578527,
              22.162696
            ],
            [
              113.578511,
              22.162506
            ],
            [
              113.578539,
              22.162332
            ],
            [
              113.578725,
              22.162008
            ],
            [
              113.57905,
              22.162043
            ],
            [
              113.579772,
              22.162279
            ],
            [
              113.580536,
              22.162537
            ],
            [
              113.581984,
              22.163083
            ],
            [
              113.583543,
              22.163605
            ],
            [
              113.583588,
              22.163682
            ],
            [
              113.583559,
              22.163906
            ],
            [
              113.583441,
              22.164261
            ],
            [
              113.583313,
              22.164594
            ],
            [
              113.582808,
              22.165883
            ],
            [
              113.582746,
              22.165938
            ],
            [
              113.582652,
              22.165938
            ],
            [
              113.582422,
              22.165868
            ],
            [
              113.58189,
              22.165697
            ],
            [
              113.581641,
              22.165615
            ],
            [
              113.581489,
              22.165657
            ],
            [
              113.581346,
              22.165789
            ],
            [
              113.581263,
              22.165915
            ],
            [
              113.581083,
              22.166489
            ],
            [
              113.581051,
              22.166479
            ],
            [
              113.580914,
              22.166958
            ],
            [
              113.580944,
              22.167078
            ],
            [
              113.580944,
              22.167175
            ],
            [
              113.580912,
              22.167249
            ],
            [
              113.580863,
              22.167289
            ],
            [
              113.580107,
              22.169261
            ],
            [
              113.579756,
              22.170312
            ],
            [
              113.579734,
              22.170364
            ],
            [
              113.579689,
              22.170379
            ],
            [
              113.579659,
              22.170354
            ],
            [
              113.579659,
              22.170307
            ],
            [
              113.579702,
              22.170183
            ],
            [
              113.580569,
              22.167781
            ],
            [
              113.580727,
              22.167381
            ],
            [
              113.580748,
              22.167301
            ],
            [
              113.580109,
              22.165001
            ],
            [
              113.579753,
              22.164556
            ],
            [
              113.579704,
              22.164584
            ],
            [
              113.579562,
              22.164974
            ],
            [
              113.579865,
              22.165071
            ],
            [
              113.579844,
              22.165148
            ],
            [
              113.579179,
              22.164946
            ],
            [
              113.579203,
              22.164857
            ],
            [
              113.57949,
              22.164954
            ],
            [
              113.579651,
              22.164547
            ],
            [
              113.579699,
              22.164502
            ],
            [
              113.579501,
              22.164283
            ],
            [
              113.579468,
              22.164224
            ],
            [
              113.579468,
              22.164159
            ],
            [
              113.579501,
              22.164092
            ],
            [
              113.579812,
              22.163235
            ],
            [
              113.579804,
              22.163163
            ],
            [
              113.579737,
              22.163096
            ],
            [
              113.578527,
              22.162696
            ]
          ]
        ]
      },
      "properties": {
        "label": "新城E2區"
      }
    },
    {
      "type": "Feature",
      "geometry": {
        "type": "Polygon",
        "coordinates": [
          [
            [
              113.559789,
              22.155487
            ],
            [
              113.559859,
              22.155293
            ],
            [
              113.560068,
              22.155015
            ],
            [
              113.560396,
              22.154876
            ],
            [
              113.562203,
              22.154583
            ],
            [
              113.562611,
              22.154349
            ],
            [
              113.562852,
              22.153982
            ],
            [
              113.563401,
              22.15273
            ],
            [
              113.563916,
              22.151696
            ],
            [
              113.564054,
              22.151522
            ],
            [
              113.564349,
              22.151701
            ],
            [
              113.565272,
              22.152799
            ],
            [
              113.565947,
              22.153445
            ],
            [
              113.567278,
              22.154538
            ],
            [
              113.568796,
              22.155716
            ],
            [
              113.571857,
              22.157002
            ],
            [
              113.573195,
              22.157648
            ],
            [
              113.573715,
              22.157927
            ],
            [
              113.574107,
              22.158374
            ],
            [
              113.574332,
              22.158856
            ],
            [
              113.574622,
              22.159805
            ],
            [
              113.575051,
              22.161225
            ],
            [
              113.575356,
              22.162467
            ],
            [
              113.575711,
              22.162651
            ],
            [
              113.576193,
              22.162607
            ],
            [
              113.57733,
              22.162348
            ],
            [
              113.57806,
              22.16213
            ],
            [
              113.578484,
              22.162234
            ],
            [
              113.578452,
              22.162587
            ],
            [
              113.578425,
              22.163024
            ],
            [
              113.578849,
              22.164651
            ],
            [
              113.578685,
              22.164691
            ],
            [
              113.578648,
              22.164571
            ],
            [
              113.578581,
              22.164594
            ],
            [
              113.578562,
              22.164554
            ],
            [
              113.57839,
              22.164601
            ],
            [
              113.578312,
              22.16438
            ],
            [
              113.57747,
              22.164579
            ],
            [
              113.577599,
              22.165051
            ],
            [
              113.577771,
              22.165103
            ],
            [
              113.577757,
              22.165165
            ],
            [
              113.578406,
              22.165341
            ],
            [
              113.578358,
              22.165458
            ],
            [
              113.577728,
              22.165284
            ],
            [
              113.577679,
              22.165404
            ],
            [
              113.577773,
              22.165694
            ],
            [
              113.577958,
              22.165731
            ],
            [
              113.57806,
              22.165826
            ],
            [
              113.578017,
              22.165948
            ],
            [
              113.577894,
              22.16592
            ],
            [
              113.577867,
              22.166034
            ],
            [
              113.577945,
              22.166323
            ],
            [
              113.578122,
              22.166357
            ],
            [
              113.578114,
              22.166427
            ],
            [
              113.578245,
              22.166464
            ],
            [
              113.578211,
              22.166578
            ],
            [
              113.578074,
              22.166546
            ],
            [
              113.578044,
              22.166655
            ],
            [
              113.578122,
              22.166951
            ],
            [
              113.578291,
              22.166993
            ],
            [
              113.578275,
              22.167058
            ],
            [
              113.578409,
              22.16709
            ],
            [
              113.578377,
              22.167204
            ],
            [
              113.578251,
              22.16718
            ],
            [
              113.578213,
              22.167281
            ],
            [
              113.578299,
              22.167575
            ],
            [
              113.578253,
              22.167609
            ],
            [
              113.577698,
              22.167748
            ],
            [
              113.577054,
              22.16789
            ],
            [
              113.576971,
              22.167589
            ],
            [
              113.576875,
              22.167505
            ],
            [
              113.576781,
              22.167594
            ],
            [
              113.57669,
              22.1675
            ],
            [
              113.576781,
              22.167433
            ],
            [
              113.576733,
              22.167378
            ],
            [
              113.576864,
              22.167247
            ],
            [
              113.576792,
              22.166976
            ],
            [
              113.576708,
              22.166881
            ],
            [
              113.576217,
              22.167334
            ],
            [
              113.576121,
              22.167239
            ],
            [
              113.576609,
              22.16679
            ],
            [
              113.576566,
              22.166742
            ],
            [
              113.576695,
              22.166623
            ],
            [
              113.576636,
              22.166345
            ],
            [
              113.576545,
              22.166243
            ],
            [
              113.576032,
              22.166705
            ],
            [
              113.575941,
              22.166603
            ],
            [
              113.576435,
              22.166166
            ],
            [
              113.576392,
              22.166109
            ],
            [
              113.576523,
              22.166
            ],
            [
              113.576448,
              22.165697
            ],
            [
              113.576362,
              22.165612
            ],
            [
              113.575855,
              22.166052
            ],
            [
              113.575764,
              22.165977
            ],
            [
              113.57625,
              22.165545
            ],
            [
              113.576212,
              22.165486
            ],
            [
              113.576357,
              22.165361
            ],
            [
              113.576204,
              22.164805
            ],
            [
              113.574485,
              22.165222
            ],
            [
              113.574732,
              22.166131
            ],
            [
              113.574445,
              22.166203
            ],
            [
              113.574187,
              22.165299
            ],
            [
              113.57349,
              22.165463
            ],
            [
              113.573876,
              22.166844
            ],
            [
              113.573844,
              22.166849
            ],
            [
              113.57386,
              22.166941
            ],
            [
              113.573648,
              22.166986
            ],
            [
              113.574732,
              22.16862
            ],
            [
              113.575764,
              22.170158
            ],
            [
              113.575818,
              22.170359
            ],
            [
              113.575829,
              22.170508
            ],
            [
              113.575807,
              22.170622
            ],
            [
              113.575737,
              22.170766
            ],
            [
              113.575695,
              22.170848
            ],
            [
              113.575595,
              22.170915
            ],
            [
              113.575512,
              22.17093
            ],
            [
              113.575448,
              22.170908
            ],
            [
              113.574506,
              22.171437
            ],
            [
              113.574474,
              22.171392
            ],
            [
              113.575418,
              22.170861
            ],
            [
              113.575434,
              22.170806
            ],
            [
              113.574973,
              22.170081
            ],
            [
              113.574919,
              22.170076
            ],
            [
              113.574225,
              22.170471
            ],
            [
              113.574176,
              22.170411
            ],
            [
              113.574906,
              22.170009
            ],
            [
              113.574442,
              22.169353
            ],
            [
              113.573396,
              22.169671
            ],
            [
              113.573133,
              22.169698
            ],
            [
              113.573015,
              22.16911
            ],
            [
              113.572873,
              22.168553
            ],
            [
              113.572693,
              22.16791
            ],
            [
              113.5725,
              22.167381
            ],
            [
              113.571497,
              22.165242
            ],
            [
              113.571192,
              22.164236
            ],
            [
              113.570226,
              22.164196
            ],
            [
              113.567629,
              22.164753
            ],
            [
              113.566148,
              22.164733
            ],
            [
              113.565848,
              22.164872
            ],
            [
              113.564617,
              22.165145
            ],
            [
              113.564531,
              22.16523
            ],
            [
              113.564195,
              22.165349
            ],
            [
              113.563614,
              22.165339
            ],
            [
              113.56304,
              22.1652
            ],
            [
              113.562675,
              22.164718
            ],
            [
              113.562482,
              22.16445
            ],
            [
              113.562369,
              22.164157
            ],
            [
              113.562353,
              22.163541
            ],
            [
              113.562369,
              22.163108
            ],
            [
              113.562348,
              22.162924
            ],
            [
              113.562176,
              22.162671
            ],
            [
              113.5615,
              22.162338
            ],
            [
              113.561162,
              22.162105
            ],
            [
              113.560883,
              22.161856
            ],
            [
              113.560712,
              22.161682
            ],
            [
              113.560658,
              22.161578
            ],
            [
              113.560637,
              22.161469
            ],
            [
              113.562289,
              22.160058
            ],
            [
              113.562353,
              22.159844
            ],
            [
              113.562343,
              22.15971
            ],
            [
              113.562166,
              22.159139
            ],
            [
              113.561924,
              22.158707
            ],
            [
              113.560926,
              22.157887
            ],
            [
              113.560803,
              22.157698
            ],
            [
              113.560299,
              22.157291
            ],
            [
              113.56003,
              22.157012
            ],
            [
              113.559912,
              22.156357
            ],
            [
              113.559794,
              22.155755
            ],
            [
              113.559789,
              22.155487
            ]
          ]
        ]
      },
      "properties": {
        "label": "大潭山"
      }
    },
    {
      "type": "Feature",
      "geometry": {
        "type": "Polygon",
        "coordinates": [
          [
            [
              113.568971,
              22.155741
            ],
            [
              113.568788,
              22.155661
            ],
            [
              113.566308,
              22.153687
            ],
            [
              113.56545,
              22.152901
            ],
            [
              113.564726,
              22.152106
            ],
            [
              113.564138,
              22.151517
            ],
            [
              113.563923,
              22.151293
            ],
            [
              113.563933,
              22.151008
            ],
            [
              113.564328,
              22.150632
            ],
            [
              113.565537,
              22.150311
            ],
            [
              113.566193,
              22.150266
            ],
            [
              113.56682,
              22.150275
            ],
            [
              113.567881,
              22.150534
            ],
            [
              113.568286,
              22.150632
            ],
            [
              113.568652,
              22.150329
            ],
            [
              113.568845,
              22.150034
            ],
            [
              113.571402,
              22.151052
            ],
            [
              113.572328,
              22.151302
            ],
            [
              113.571836,
              22.151508
            ],
            [
              113.571353,
              22.152026
            ],
            [
              113.571089,
              22.152508
            ],
            [
              113.570838,
              22.152919
            ],
            [
              113.570192,
              22.153839
            ],
            [
              113.569333,
              22.155116
            ],
            [
              113.569179,
              22.155438
            ],
            [
              113.568971,
              22.155616
            ],
            [
              113.568971,
              22.155741
            ]
          ]
        ]
      },
      "properties": {
        "label": "澳門科技大學"
      }
    },
    {
      "type": "Feature",
      "geometry": {
        "type": "Polygon",
        "coordinates": [
          [
            [
              113.576265,
              22.154225
            ],
            [
              113.575537,
              22.152911
            ],
            [
              113.574742,
              22.152446
            ],
            [
              113.573935,
              22.152069
            ],
            [
              113.572332,
              22.151226
            ],
            [
              113.571371,
              22.150891
            ],
            [
              113.574547,
              22.146529
            ],
            [
              113.576354,
              22.144084
            ],
            [
              113.577047,
              22.14321
            ],
            [
              113.577427,
              22.142554
            ],
            [
              113.577551,
              22.142122
            ],
            [
              113.577604,
              22.141153
            ],
            [
              113.577771,
              22.141058
            ],
            [
              113.577983,
              22.141024
            ],
            [
              113.578414,
              22.141212
            ],
            [
              113.578836,
              22.141446
            ],
            [
              113.579822,
              22.141604
            ],
            [
              113.582135,
              22.143096
            ],
            [
              113.582477,
              22.14329
            ],
            [
              113.583083,
              22.143395
            ],
            [
              113.583576,
              22.14357
            ],
            [
              113.584126,
              22.143395
            ],
            [
              113.584335,
              22.143553
            ],
            [
              113.584998,
              22.143711
            ],
            [
              113.585909,
              22.142535
            ],
            [
              113.586421,
              22.142921
            ],
            [
              113.586648,
              22.142868
            ],
            [
              113.588365,
              22.143957
            ],
            [
              113.588277,
              22.14404
            ],
            [
              113.588932,
              22.144463
            ],
            [
              113.58784,
              22.146099
            ],
            [
              113.587681,
              22.147643
            ],
            [
              113.585736,
              22.148838
            ],
            [
              113.577396,
              22.154004
            ],
            [
              113.576265,
              22.154225
            ]
          ]
        ]
      },
      "properties": {
        "label": "路氹填海區"
      }
    },
    {
      "type": "Feature",
      "geometry": {
        "type": "Polygon",
        "coordinates": [
          [
            [
              113.564309,
              22.150548
            ],
            [
              113.563942,
              22.150898
            ],
            [
              113.563812,
              22.151068
            ],
            [
              113.559801,
              22.150068
            ],
            [
              113.557462,
              22.150102
            ],
            [
              113.555644,
              22.150446
            ],
            [
              113.554307,
              22.150996
            ],
            [
              113.552006,
              22.151924
            ],
            [
              113.550744,
              22.152508
            ],
            [
              113.548702,
              22.152268
            ],
            [
              113.545771,
              22.152096
            ],
            [
              113.547413,
              22.15024
            ],
            [
              113.54835,
              22.149174
            ],
            [
              113.548795,
              22.148676
            ],
            [
              113.548916,
              22.148586
            ],
            [
              113.549083,
              22.148603
            ],
            [
              113.549194,
              22.148663
            ],
            [
              113.549268,
              22.148715
            ],
            [
              113.549301,
              22.148792
            ],
            [
              113.549324,
              22.148904
            ],
            [
              113.549264,
              22.149033
            ],
            [
              113.549004,
              22.149333
            ],
            [
              113.548489,
              22.150004
            ],
            [
              113.547668,
              22.150902
            ],
            [
              113.547821,
              22.151065
            ],
            [
              113.547969,
              22.151177
            ],
            [
              113.548094,
              22.151181
            ],
            [
              113.550038,
              22.151172
            ],
            [
              113.550043,
              22.148143
            ],
            [
              113.549542,
              22.148156
            ],
            [
              113.549384,
              22.148371
            ],
            [
              113.549188,
              22.14828
            ],
            [
              113.549524,
              22.147777
            ],
            [
              113.549642,
              22.147768
            ],
            [
              113.54983,
              22.147243
            ],
            [
              113.550893,
              22.145891
            ],
            [
              113.550907,
              22.145778
            ],
            [
              113.551026,
              22.145646
            ],
            [
              113.55112,
              22.145616
            ],
            [
              113.55137,
              22.145244
            ],
            [
              113.55138,
              22.145148
            ],
            [
              113.551446,
              22.14506
            ],
            [
              113.551555,
              22.145016
            ],
            [
              113.551819,
              22.144675
            ],
            [
              113.551899,
              22.1444
            ],
            [
              113.551899,
              22.142982
            ],
            [
              113.551876,
              22.141267
            ],
            [
              113.551918,
              22.140322
            ],
            [
              113.551923,
              22.139745
            ],
            [
              113.55178,
              22.129766
            ],
            [
              113.551434,
              22.129003
            ],
            [
              113.551541,
              22.128442
            ],
            [
              113.555051,
              22.129385
            ],
            [
              113.558583,
              22.130187
            ],
            [
              113.559363,
              22.131632
            ],
            [
              113.563176,
              22.131452
            ],
            [
              113.56311,
              22.132736
            ],
            [
              113.563218,
              22.135184
            ],
            [
              113.564822,
              22.135204
            ],
            [
              113.566099,
              22.135144
            ],
            [
              113.566728,
              22.135284
            ],
            [
              113.567875,
              22.135806
            ],
            [
              113.568807,
              22.136167
            ],
            [
              113.569782,
              22.136769
            ],
            [
              113.570475,
              22.137371
            ],
            [
              113.570995,
              22.137792
            ],
            [
              113.571428,
              22.138093
            ],
            [
              113.571731,
              22.138515
            ],
            [
              113.573924,
              22.138569
            ],
            [
              113.575298,
              22.138807
            ],
            [
              113.576274,
              22.139205
            ],
            [
              113.576746,
              22.139513
            ],
            [
              113.57702,
              22.139752
            ],
            [
              113.577223,
              22.14
            ],
            [
              113.577379,
              22.140338
            ],
            [
              113.577567,
              22.141143
            ],
            [
              113.577551,
              22.141605
            ],
            [
              113.577508,
              22.142097
            ],
            [
              113.577379,
              22.142564
            ],
            [
              113.577207,
              22.142892
            ],
            [
              113.576875,
              22.143379
            ],
            [
              113.576537,
              22.143761
            ],
            [
              113.571345,
              22.150859
            ],
            [
              113.569044,
              22.149999
            ],
            [
              113.568227,
              22.150584
            ],
            [
              113.566856,
              22.150198
            ],
            [
              113.565874,
              22.150208
            ],
            [
              113.564892,
              22.150378
            ],
            [
              113.564309,
              22.150548
            ]
          ]
        ]
      },
      "properties": {
        "label": "路氹城"
      }
    },
    {
      "type": "Feature",
      "geometry": {
        "type": "Polygon",
        "coordinates": [
          [
            [
              113.562241,
              22.131404
            ],
            [
              113.559452,
              22.131523
            ],
            [
              113.558679,
              22.130131
            ],
            [
              113.552885,
              22.12874
            ],
            [
              113.551555,
              22.128303
            ],
            [
              113.551469,
              22.122676
            ],
            [
              113.552896,
              22.122696
            ],
            [
              113.552978,
              22.123133
            ],
            [
              113.553157,
              22.123502
            ],
            [
              113.553595,
              22.124055
            ],
            [
              113.554292,
              22.124609
            ],
            [
              113.555089,
              22.125236
            ],
            [
              113.555629,
              22.125715
            ],
            [
              113.556352,
              22.125901
            ],
            [
              113.556389,
              22.125617
            ],
            [
              113.556685,
              22.125388
            ],
            [
              113.55707,
              22.125358
            ],
            [
              113.558158,
              22.125148
            ],
            [
              113.558475,
              22.125187
            ],
            [
              113.558337,
              22.125911
            ],
            [
              113.558702,
              22.126273
            ],
            [
              113.55991,
              22.126561
            ],
            [
              113.561167,
              22.126356
            ],
            [
              113.561769,
              22.12661
            ],
            [
              113.562402,
              22.126307
            ],
            [
              113.563278,
              22.126894
            ],
            [
              113.564155,
              22.127549
            ],
            [
              113.565065,
              22.12806
            ],
            [
              113.567797,
              22.130402
            ],
            [
              113.567983,
              22.131343
            ],
            [
              113.565245,
              22.131662
            ],
            [
              113.563786,
              22.131264
            ],
            [
              113.562241,
              22.131404
            ]
          ]
        ]
      },
      "properties": {
        "label": "石排灣"
      }
    },
    {
      "type": "Feature",
      "geometry": {
        "type": "Polygon",
        "coordinates": [
          [
            [
              113.551484,
              22.122621
            ],
            [
              113.551753,
              22.122501
            ],
            [
              113.552086,
              22.122164
            ],
            [
              113.552136,
              22.122062
            ],
            [
              113.551972,
              22.121943
            ],
            [
              113.551867,
              22.121859
            ],
            [
              113.551927,
              22.121721
            ],
            [
              113.551429,
              22.121421
            ],
            [
              113.551198,
              22.121209
            ],
            [
              113.550886,
              22.121057
            ],
            [
              113.550906,
              22.120995
            ],
            [
              113.550747,
              22.120911
            ],
            [
              113.550763,
              22.120881
            ],
            [
              113.550592,
              22.120777
            ],
            [
              113.550393,
              22.120931
            ],
            [
              113.55027,
              22.120799
            ],
            [
              113.550393,
              22.120727
            ],
            [
              113.550342,
              22.120685
            ],
            [
              113.550055,
              22.120722
            ],
            [
              113.549994,
              22.120471
            ],
            [
              113.54986,
              22.120506
            ],
            [
              113.549779,
              22.120277
            ],
            [
              113.549986,
              22.12019
            ],
            [
              113.549841,
              22.119745
            ],
            [
              113.549798,
              22.119614
            ],
            [
              113.549795,
              22.119509
            ],
            [
              113.549817,
              22.119221
            ],
            [
              113.549645,
              22.119214
            ],
            [
              113.54965,
              22.119082
            ],
            [
              113.549277,
              22.118997
            ],
            [
              113.549283,
              22.118799
            ],
            [
              113.549385,
              22.118806
            ],
            [
              113.549377,
              22.11897
            ],
            [
              113.549701,
              22.11904
            ],
            [
              113.549591,
              22.11895
            ],
            [
              113.549648,
              22.118898
            ],
            [
              113.549733,
              22.118978
            ],
            [
              113.549792,
              22.118992
            ],
            [
              113.54983,
              22.118896
            ],
            [
              113.549833,
              22.118684
            ],
            [
              113.549978,
              22.118637
            ],
            [
              113.550047,
              22.118925
            ],
            [
              113.550098,
              22.11891
            ],
            [
              113.550023,
              22.118625
            ],
            [
              113.550155,
              22.118595
            ],
            [
              113.55034,
              22.118568
            ],
            [
              113.55034,
              22.118515
            ],
            [
              113.55046,
              22.118486
            ],
            [
              113.550487,
              22.118436
            ],
            [
              113.550479,
              22.118386
            ],
            [
              113.550444,
              22.118319
            ],
            [
              113.55038,
              22.118118
            ],
            [
              113.550372,
              22.118038
            ],
            [
              113.550434,
              22.117979
            ],
            [
              113.550506,
              22.117926
            ],
            [
              113.550683,
              22.117874
            ],
            [
              113.550165,
              22.11773
            ],
            [
              113.549755,
              22.117616
            ],
            [
              113.549763,
              22.117589
            ],
            [
              113.550345,
              22.117755
            ],
            [
              113.55068,
              22.117852
            ],
            [
              113.550908,
              22.117914
            ],
            [
              113.550938,
              22.117877
            ],
            [
              113.550951,
              22.117822
            ],
            [
              113.550965,
              22.117474
            ],
            [
              113.550785,
              22.116654
            ],
            [
              113.550589,
              22.115794
            ],
            [
              113.550407,
              22.115376
            ],
            [
              113.550047,
              22.114507
            ],
            [
              113.549725,
              22.114318
            ],
            [
              113.549393,
              22.114162
            ],
            [
              113.549441,
              22.114055
            ],
            [
              113.549299,
              22.113894
            ],
            [
              113.549192,
              22.113851
            ],
            [
              113.549135,
              22.113799
            ],
            [
              113.549141,
              22.113744
            ],
            [
              113.549213,
              22.113672
            ],
            [
              113.549277,
              22.113662
            ],
            [
              113.549479,
              22.113536
            ],
            [
              113.549763,
              22.113322
            ],
            [
              113.54979,
              22.113252
            ],
            [
              113.549835,
              22.113011
            ],
            [
              113.549972,
              22.112502
            ],
            [
              113.550149,
              22.112256
            ],
            [
              113.550356,
              22.112055
            ],
            [
              113.550442,
              22.112
            ],
            [
              113.550525,
              22.111916
            ],
            [
              113.550627,
              22.111839
            ],
            [
              113.550737,
              22.111809
            ],
            [
              113.550817,
              22.111806
            ],
            [
              113.550932,
              22.111836
            ],
            [
              113.551107,
              22.111839
            ],
            [
              113.551284,
              22.111781
            ],
            [
              113.551455,
              22.111568
            ],
            [
              113.551563,
              22.111583
            ],
            [
              113.551673,
              22.111583
            ],
            [
              113.551786,
              22.111544
            ],
            [
              113.551997,
              22.111451
            ],
            [
              113.552046,
              22.111376
            ],
            [
              113.552121,
              22.111314
            ],
            [
              113.552198,
              22.11125
            ],
            [
              113.552536,
              22.111063
            ],
            [
              113.552805,
              22.110951
            ],
            [
              113.553132,
              22.110768
            ],
            [
              113.553529,
              22.110651
            ],
            [
              113.553644,
              22.110574
            ],
            [
              113.553717,
              22.110497
            ],
            [
              113.553743,
              22.110236
            ],
            [
              113.553891,
              22.110069
            ],
            [
              113.554154,
              22.109952
            ],
            [
              113.555017,
              22.109831
            ],
            [
              113.555428,
              22.10999
            ],
            [
              113.556104,
              22.10987
            ],
            [
              113.556214,
              22.109895
            ],
            [
              113.55649,
              22.109788
            ],
            [
              113.557,
              22.110146
            ],
            [
              113.557201,
              22.110551
            ],
            [
              113.556927,
              22.110646
            ],
            [
              113.556951,
              22.110842
            ],
            [
              113.557177,
              22.111011
            ],
            [
              113.55745,
              22.111178
            ],
            [
              113.557646,
              22.111053
            ],
            [
              113.55797,
              22.111381
            ],
            [
              113.558148,
              22.111419
            ],
            [
              113.558282,
              22.111297
            ],
            [
              113.558421,
              22.111533
            ],
            [
              113.558523,
              22.111486
            ],
            [
              113.558703,
              22.111602
            ],
            [
              113.558807,
              22.111722
            ],
            [
              113.558826,
              22.111873
            ],
            [
              113.558743,
              22.112005
            ],
            [
              113.558877,
              22.112393
            ],
            [
              113.559043,
              22.112594
            ],
            [
              113.55947,
              22.112959
            ],
            [
              113.559955,
              22.113225
            ],
            [
              113.55995,
              22.114065
            ],
            [
              113.559462,
              22.113903
            ],
            [
              113.559011,
              22.11399
            ],
            [
              113.558413,
              22.114197
            ],
            [
              113.558164,
              22.114338
            ],
            [
              113.55797,
              22.114537
            ],
            [
              113.557321,
              22.115265
            ],
            [
              113.55679,
              22.116341
            ],
            [
              113.555776,
              22.117474
            ],
            [
              113.556254,
              22.117837
            ],
            [
              113.557605,
              22.118051
            ],
            [
              113.557627,
              22.118339
            ],
            [
              113.557488,
              22.118518
            ],
            [
              113.55678,
              22.118433
            ],
            [
              113.556769,
              22.118672
            ],
            [
              113.556474,
              22.119084
            ],
            [
              113.556849,
              22.119388
            ],
            [
              113.556774,
              22.119666
            ],
            [
              113.556302,
              22.119889
            ],
            [
              113.555353,
              22.11983
            ],
            [
              113.554398,
              22.119964
            ],
            [
              113.553575,
              22.120326
            ],
            [
              113.552907,
              22.122642
            ],
            [
              113.551484,
              22.122621
            ]
          ]
        ]
      },
      "properties": {
        "label": "路環市區"
      }
    },
    {
      "type": "Feature",
      "geometry": {
        "type": "Polygon",
        "coordinates": [
          [
            [
              113.559977,
              22.11408
            ],
            [
              113.559987,
              22.11323
            ],
            [
              113.560492,
              22.113315
            ],
            [
              113.560969,
              22.113508
            ],
            [
              113.561382,
              22.11323
            ],
            [
              113.561312,
              22.113006
            ],
            [
              113.561447,
              22.112957
            ],
            [
              113.561393,
              22.112504
            ],
            [
              113.561473,
              22.112475
            ],
            [
              113.561473,
              22.112152
            ],
            [
              113.561726,
              22.112176
            ],
            [
              113.561736,
              22.112037
            ],
            [
              113.56187,
              22.111923
            ],
            [
              113.561854,
              22.111829
            ],
            [
              113.561924,
              22.111784
            ],
            [
              113.562069,
              22.111724
            ],
            [
              113.562139,
              22.111684
            ],
            [
              113.562171,
              22.111605
            ],
            [
              113.562225,
              22.11156
            ],
            [
              113.562313,
              22.11156
            ],
            [
              113.562401,
              22.11156
            ],
            [
              113.562493,
              22.111699
            ],
            [
              113.562809,
              22.111809
            ],
            [
              113.562959,
              22.111759
            ],
            [
              113.563329,
              22.111839
            ],
            [
              113.563372,
              22.111918
            ],
            [
              113.563839,
              22.112236
            ],
            [
              113.564107,
              22.112246
            ],
            [
              113.564258,
              22.112097
            ],
            [
              113.564472,
              22.111983
            ],
            [
              113.564692,
              22.111963
            ],
            [
              113.56488,
              22.111993
            ],
            [
              113.56503,
              22.112092
            ],
            [
              113.565164,
              22.112281
            ],
            [
              113.565223,
              22.112336
            ],
            [
              113.565293,
              22.112296
            ],
            [
              113.565368,
              22.112415
            ],
            [
              113.565572,
              22.112425
            ],
            [
              113.565642,
              22.112326
            ],
            [
              113.566082,
              22.112326
            ],
            [
              113.566194,
              22.112236
            ],
            [
              113.566205,
              22.112072
            ],
            [
              113.5654,
              22.112072
            ],
            [
              113.565395,
              22.112017
            ],
            [
              113.567385,
              22.112007
            ],
            [
              113.567439,
              22.112261
            ],
            [
              113.567643,
              22.112281
            ],
            [
              113.567911,
              22.112196
            ],
            [
              113.56797,
              22.112127
            ],
            [
              113.568249,
              22.112032
            ],
            [
              113.56827,
              22.112112
            ],
            [
              113.568437,
              22.112037
            ],
            [
              113.56805,
              22.113543
            ],
            [
              113.567669,
              22.1135
            ],
            [
              113.567492,
              22.113255
            ],
            [
              113.567203,
              22.113121
            ],
            [
              113.566031,
              22.1134
            ],
            [
              113.565567,
              22.113444
            ],
            [
              113.565105,
              22.113374
            ],
            [
              113.564102,
              22.113215
            ],
            [
              113.563619,
              22.113026
            ],
            [
              113.563442,
              22.1129
            ],
            [
              113.563265,
              22.112773
            ],
            [
              113.562997,
              22.112574
            ],
            [
              113.562761,
              22.112569
            ],
            [
              113.562562,
              22.112683
            ],
            [
              113.562434,
              22.112832
            ],
            [
              113.562348,
              22.113076
            ],
            [
              113.562401,
              22.1133
            ],
            [
              113.562648,
              22.113672
            ],
            [
              113.562809,
              22.114035
            ],
            [
              113.562745,
              22.114279
            ],
            [
              113.56231,
              22.114537
            ],
            [
              113.561903,
              22.114756
            ],
            [
              113.561629,
              22.114786
            ],
            [
              113.559977,
              22.11408
            ]
          ]
        ]
      },
      "properties": {
        "label": "竹灣"
      }
    },
    {
      "type": "Feature",
      "geometry": {
        "type": "Polygon",
        "coordinates": [
          [
            [
              113.575974,
              22.126862
            ],
            [
              113.575732,
              22.126628
            ],
            [
              113.57548,
              22.126494
            ],
            [
              113.574654,
              22.126404
            ],
            [
              113.574343,
              22.126235
            ],
            [
              113.57357,
              22.125644
            ],
            [
              113.57283,
              22.124968
            ],
            [
              113.57261,
              22.124655
            ],
            [
              113.57239,
              22.124357
            ],
            [
              113.57209,
              22.124133
            ],
            [
              113.571666,
              22.12389
            ],
            [
              113.571398,
              22.123786
            ],
            [
              113.57121,
              22.123776
            ],
            [
              113.571044,
              22.123781
            ],
            [
              113.57077,
              22.123815
            ],
            [
              113.570609,
              22.12382
            ],
            [
              113.570405,
              22.123691
            ],
            [
              113.570314,
              22.123557
            ],
            [
              113.570196,
              22.123443
            ],
            [
              113.570083,
              22.12334
            ],
            [
              113.569939,
              22.123199
            ],
            [
              113.569772,
              22.12313
            ],
            [
              113.569595,
              22.12308
            ],
            [
              113.569402,
              22.12302
            ],
            [
              113.569241,
              22.122697
            ],
            [
              113.569118,
              22.122414
            ],
            [
              113.569043,
              22.122225
            ],
            [
              113.568882,
              22.121987
            ],
            [
              113.568682,
              22.121883
            ],
            [
              113.568249,
              22.121957
            ],
            [
              113.56782,
              22.121923
            ],
            [
              113.567165,
              22.121589
            ],
            [
              113.566902,
              22.121415
            ],
            [
              113.566677,
              22.121206
            ],
            [
              113.56658,
              22.120809
            ],
            [
              113.566473,
              22.120173
            ],
            [
              113.566336,
              22.11982
            ],
            [
              113.5662,
              22.119467
            ],
            [
              113.566098,
              22.119189
            ],
            [
              113.566044,
              22.118955
            ],
            [
              113.566087,
              22.118418
            ],
            [
              113.566403,
              22.117797
            ],
            [
              113.566741,
              22.117186
            ],
            [
              113.566875,
              22.116704
            ],
            [
              113.566951,
              22.116167
            ],
            [
              113.56702,
              22.115153
            ],
            [
              113.567358,
              22.114781
            ],
            [
              113.567616,
              22.114477
            ],
            [
              113.567852,
              22.11412
            ],
            [
              113.567889,
              22.113906
            ],
            [
              113.567659,
              22.113518
            ],
            [
              113.568067,
              22.113563
            ],
            [
              113.568458,
              22.112013
            ],
            [
              113.568653,
              22.11194
            ],
            [
              113.568849,
              22.111809
            ],
            [
              113.569463,
              22.111726
            ],
            [
              113.569585,
              22.111789
            ],
            [
              113.569992,
              22.111731
            ],
            [
              113.570484,
              22.111869
            ],
            [
              113.570709,
              22.111854
            ],
            [
              113.570858,
              22.111895
            ],
            [
              113.570989,
              22.111965
            ],
            [
              113.571138,
              22.112073
            ],
            [
              113.571689,
              22.112312
            ],
            [
              113.571926,
              22.112478
            ],
            [
              113.572184,
              22.112612
            ],
            [
              113.57277,
              22.11275
            ],
            [
              113.572865,
              22.112783
            ],
            [
              113.572925,
              22.112843
            ],
            [
              113.573034,
              22.112813
            ],
            [
              113.57305,
              22.112831
            ],
            [
              113.573034,
              22.112921
            ],
            [
              113.573232,
              22.113175
            ],
            [
              113.573417,
              22.113382
            ],
            [
              113.573658,
              22.113595
            ],
            [
              113.573789,
              22.113744
            ],
            [
              113.574009,
              22.113714
            ],
            [
              113.57424,
              22.113892
            ],
            [
              113.574259,
              22.114076
            ],
            [
              113.574066,
              22.114167
            ],
            [
              113.573935,
              22.114099
            ],
            [
              113.574022,
              22.114557
            ],
            [
              113.57402,
              22.114889
            ],
            [
              113.573933,
              22.114967
            ],
            [
              113.574139,
              22.115492
            ],
            [
              113.574033,
              22.115573
            ],
            [
              113.574006,
              22.115699
            ],
            [
              113.573808,
              22.115704
            ],
            [
              113.573392,
              22.11632
            ],
            [
              113.573289,
              22.116353
            ],
            [
              113.573178,
              22.116335
            ],
            [
              113.573088,
              22.116272
            ],
            [
              113.573064,
              22.116227
            ],
            [
              113.573066,
              22.116167
            ],
            [
              113.572947,
              22.116132
            ],
            [
              113.572776,
              22.116129
            ],
            [
              113.572602,
              22.116162
            ],
            [
              113.572257,
              22.116242
            ],
            [
              113.571937,
              22.116275
            ],
            [
              113.571643,
              22.116262
            ],
            [
              113.571222,
              22.116217
            ],
            [
              113.570809,
              22.116129
            ],
            [
              113.570782,
              22.116199
            ],
            [
              113.570978,
              22.116333
            ],
            [
              113.570943,
              22.116433
            ],
            [
              113.570875,
              22.116446
            ],
            [
              113.570788,
              22.116383
            ],
            [
              113.570801,
              22.116361
            ],
            [
              113.570638,
              22.116277
            ],
            [
              113.570273,
              22.116403
            ],
            [
              113.570062,
              22.117685
            ],
            [
              113.570065,
              22.117949
            ],
            [
              113.570116,
              22.118396
            ],
            [
              113.57018,
              22.118627
            ],
            [
              113.570385,
              22.119388
            ],
            [
              113.570588,
              22.120081
            ],
            [
              113.570775,
              22.120528
            ],
            [
              113.571001,
              22.121105
            ],
            [
              113.571253,
              22.121614
            ],
            [
              113.571602,
              22.122007
            ],
            [
              113.571945,
              22.122484
            ],
            [
              113.57231,
              22.123
            ],
            [
              113.573184,
              22.123925
            ],
            [
              113.573629,
              22.124382
            ],
            [
              113.574198,
              22.124765
            ],
            [
              113.575223,
              22.125291
            ],
            [
              113.575491,
              22.125306
            ],
            [
              113.575974,
              22.126862
            ]
          ]
        ]
      },
      "properties": {
        "label": "黑沙"
      }
    },
    {
      "type": "Feature",
      "geometry": {
        "type": "Polygon",
        "coordinates": [
          [
            [
              113.566599,
              22.135051
            ],
            [
              113.566307,
              22.135024
            ],
            [
              113.56632,
              22.134959
            ],
            [
              113.566414,
              22.134879
            ],
            [
              113.566398,
              22.13481
            ],
            [
              113.566275,
              22.134676
            ],
            [
              113.566218,
              22.134601
            ],
            [
              113.566157,
              22.134581
            ],
            [
              113.566098,
              22.134537
            ],
            [
              113.566065,
              22.13444
            ],
            [
              113.565931,
              22.134186
            ],
            [
              113.565907,
              22.133978
            ],
            [
              113.56587,
              22.13393
            ],
            [
              113.565837,
              22.133876
            ],
            [
              113.565845,
              22.133796
            ],
            [
              113.565891,
              22.133749
            ],
            [
              113.565862,
              22.133406
            ],
            [
              113.565803,
              22.133173
            ],
            [
              113.565596,
              22.132407
            ],
            [
              113.565569,
              22.13235
            ],
            [
              113.565534,
              22.132315
            ],
            [
              113.565502,
              22.132281
            ],
            [
              113.565516,
              22.132226
            ],
            [
              113.565548,
              22.132191
            ],
            [
              113.565479,
              22.13166
            ],
            [
              113.567961,
              22.13137
            ],
            [
              113.568072,
              22.131417
            ],
            [
              113.568834,
              22.131046
            ],
            [
              113.572961,
              22.130489
            ],
            [
              113.575927,
              22.129163
            ],
            [
              113.576943,
              22.128856
            ],
            [
              113.576901,
              22.128433
            ],
            [
              113.576466,
              22.127723
            ],
            [
              113.575968,
              22.126763
            ],
            [
              113.575512,
              22.125264
            ],
            [
              113.575861,
              22.124734
            ],
            [
              113.577254,
              22.124093
            ],
            [
              113.577545,
              22.123908
            ],
            [
              113.577827,
              22.123616
            ],
            [
              113.578425,
              22.123767
            ],
            [
              113.579017,
              22.123785
            ],
            [
              113.580043,
              22.123375
            ],
            [
              113.580413,
              22.123425
            ],
            [
              113.581358,
              22.124089
            ],
            [
              113.582238,
              22.124603
            ],
            [
              113.583063,
              22.124864
            ],
            [
              113.583455,
              22.125146
            ],
            [
              113.583693,
              22.125901
            ],
            [
              113.584119,
              22.126666
            ],
            [
              113.584541,
              22.126897
            ],
            [
              113.584845,
              22.127209
            ],
            [
              113.585149,
              22.12735
            ],
            [
              113.585366,
              22.127561
            ],
            [
              113.585703,
              22.127753
            ],
            [
              113.58579,
              22.127954
            ],
            [
              113.586007,
              22.127863
            ],
            [
              113.586149,
              22.127934
            ],
            [
              113.586203,
              22.128064
            ],
            [
              113.586366,
              22.127984
            ],
            [
              113.586377,
              22.127803
            ],
            [
              113.586681,
              22.127682
            ],
            [
              113.586877,
              22.127569
            ],
            [
              113.587213,
              22.127637
            ],
            [
              113.587398,
              22.127848
            ],
            [
              113.587474,
              22.127773
            ],
            [
              113.587463,
              22.127702
            ],
            [
              113.587675,
              22.127592
            ],
            [
              113.587805,
              22.127607
            ],
            [
              113.587936,
              22.127637
            ],
            [
              113.588088,
              22.127768
            ],
            [
              113.588001,
              22.127566
            ],
            [
              113.587936,
              22.127496
            ],
            [
              113.587957,
              22.1274
            ],
            [
              113.588055,
              22.127335
            ],
            [
              113.588169,
              22.127325
            ],
            [
              113.588126,
              22.127219
            ],
            [
              113.588229,
              22.127134
            ],
            [
              113.588381,
              22.127149
            ],
            [
              113.588511,
              22.127194
            ],
            [
              113.588989,
              22.127114
            ],
            [
              113.589011,
              22.127013
            ],
            [
              113.589185,
              22.127088
            ],
            [
              113.589777,
              22.127164
            ],
            [
              113.589918,
              22.127209
            ],
            [
              113.590054,
              22.127315
            ],
            [
              113.590575,
              22.128004
            ],
            [
              113.59063,
              22.12815
            ],
            [
              113.590554,
              22.12822
            ],
            [
              113.590331,
              22.128241
            ],
            [
              113.590336,
              22.128336
            ],
            [
              113.590624,
              22.128462
            ],
            [
              113.59114,
              22.128754
            ],
            [
              113.591243,
              22.128719
            ],
            [
              113.591276,
              22.128824
            ],
            [
              113.591396,
              22.12888
            ],
            [
              113.591635,
              22.129081
            ],
            [
              113.591754,
              22.129091
            ],
            [
              113.591726,
              22.129023
            ],
            [
              113.591681,
              22.128976
            ],
            [
              113.591691,
              22.128892
            ],
            [
              113.591895,
              22.12895
            ],
            [
              113.59208,
              22.12895
            ],
            [
              113.592281,
              22.128995
            ],
            [
              113.592314,
              22.128955
            ],
            [
              113.592411,
              22.12902
            ],
            [
              113.592375,
              22.129046
            ],
            [
              113.592421,
              22.129105
            ],
            [
              113.592389,
              22.129157
            ],
            [
              113.592423,
              22.12919
            ],
            [
              113.592469,
              22.129162
            ],
            [
              113.592493,
              22.129252
            ],
            [
              113.59245,
              22.129326
            ],
            [
              113.592491,
              22.129418
            ],
            [
              113.592568,
              22.12953
            ],
            [
              113.592576,
              22.129575
            ],
            [
              113.592523,
              22.129625
            ],
            [
              113.59259,
              22.129771
            ],
            [
              113.592482,
              22.130012
            ],
            [
              113.592354,
              22.130037
            ],
            [
              113.59211,
              22.129813
            ],
            [
              113.592075,
              22.129848
            ],
            [
              113.592297,
              22.130042
            ],
            [
              113.592415,
              22.130184
            ],
            [
              113.592415,
              22.13038
            ],
            [
              113.592539,
              22.130658
            ],
            [
              113.59255,
              22.130887
            ],
            [
              113.592474,
              22.131215
            ],
            [
              113.592397,
              22.131331
            ],
            [
              113.59233,
              22.131379
            ],
            [
              113.591884,
              22.131242
            ],
            [
              113.591265,
              22.132464
            ],
            [
              113.590538,
              22.133898
            ],
            [
              113.590747,
              22.134251
            ],
            [
              113.590714,
              22.134541
            ],
            [
              113.590278,
              22.134829
            ],
            [
              113.589988,
              22.135194
            ],
            [
              113.589407,
              22.135578
            ],
            [
              113.588038,
              22.133792
            ],
            [
              113.587499,
              22.134118
            ],
            [
              113.587914,
              22.134656
            ],
            [
              113.586815,
              22.135405
            ],
            [
              113.586665,
              22.135242
            ],
            [
              113.586333,
              22.13554
            ],
            [
              113.585566,
              22.134541
            ],
            [
              113.584192,
              22.135429
            ],
            [
              113.583938,
              22.135108
            ],
            [
              113.583129,
              22.135002
            ],
            [
              113.58313,
              22.13522
            ],
            [
              113.583046,
              22.135348
            ],
            [
              113.582851,
              22.135443
            ],
            [
              113.582982,
              22.135732
            ],
            [
              113.582985,
              22.135901
            ],
            [
              113.58292,
              22.136089
            ],
            [
              113.582888,
              22.136214
            ],
            [
              113.58292,
              22.136373
            ],
            [
              113.582835,
              22.136514
            ],
            [
              113.582821,
              22.136606
            ],
            [
              113.582808,
              22.136688
            ],
            [
              113.582784,
              22.136755
            ],
            [
              113.582682,
              22.13679
            ],
            [
              113.582631,
              22.136755
            ],
            [
              113.582435,
              22.136544
            ],
            [
              113.58247,
              22.136405
            ],
            [
              113.582582,
              22.136229
            ],
            [
              113.582497,
              22.136144
            ],
            [
              113.582408,
              22.136017
            ],
            [
              113.582314,
              22.135769
            ],
            [
              113.582411,
              22.135682
            ],
            [
              113.582372,
              22.135636
            ],
            [
              113.582223,
              22.135578
            ],
            [
              113.582165,
              22.135521
            ],
            [
              113.5821,
              22.135436
            ],
            [
              113.582094,
              22.135359
            ],
            [
              113.582033,
              22.135282
            ],
            [
              113.581665,
              22.135163
            ],
            [
              113.581493,
              22.135257
            ],
            [
              113.581292,
              22.135312
            ],
            [
              113.581257,
              22.135282
            ],
            [
              113.581236,
              22.13523
            ],
            [
              113.581182,
              22.135257
            ],
            [
              113.581196,
              22.135292
            ],
            [
              113.581169,
              22.135334
            ],
            [
              113.581086,
              22.135334
            ],
            [
              113.580919,
              22.135409
            ],
            [
              113.580871,
              22.135473
            ],
            [
              113.580686,
              22.135625
            ],
            [
              113.580662,
              22.135719
            ],
            [
              113.5806,
              22.135727
            ],
            [
              113.580552,
              22.135756
            ],
            [
              113.580504,
              22.135744
            ],
            [
              113.580415,
              22.135851
            ],
            [
              113.580506,
              22.136293
            ],
            [
              113.580549,
              22.136651
            ],
            [
              113.580608,
              22.137178
            ],
            [
              113.580578,
              22.137729
            ],
            [
              113.580265,
              22.138132
            ],
            [
              113.580171,
              22.138273
            ],
            [
              113.580113,
              22.138374
            ],
            [
              113.580056,
              22.138475
            ],
            [
              113.580152,
              22.138509
            ],
            [
              113.582768,
              22.141021
            ],
            [
              113.582955,
              22.141277
            ],
            [
              113.583253,
              22.142022
            ],
            [
              113.583186,
              22.142037
            ],
            [
              113.583285,
              22.142226
            ],
            [
              113.583473,
              22.142144
            ],
            [
              113.583639,
              22.142487
            ],
            [
              113.583798,
              22.142392
            ],
            [
              113.583926,
              22.142705
            ],
            [
              113.583773,
              22.142775
            ],
            [
              113.583905,
              22.143019
            ],
            [
              113.58372,
              22.143096
            ],
            [
              113.583666,
              22.143009
            ],
            [
              113.583561,
              22.142994
            ],
            [
              113.583307,
              22.143068
            ],
            [
              113.583057,
              22.143086
            ],
            [
              113.582808,
              22.143063
            ],
            [
              113.582499,
              22.142944
            ],
            [
              113.580466,
              22.141672
            ],
            [
              113.578581,
              22.140477
            ],
            [
              113.578079,
              22.140043
            ],
            [
              113.578764,
              22.139141
            ],
            [
              113.578774,
              22.139016
            ],
            [
              113.57864,
              22.138927
            ],
            [
              113.578599,
              22.139014
            ],
            [
              113.578455,
              22.138922
            ],
            [
              113.578388,
              22.138989
            ],
            [
              113.578291,
              22.138976
            ],
            [
              113.578181,
              22.138966
            ],
            [
              113.578076,
              22.138877
            ],
            [
              113.577953,
              22.138795
            ],
            [
              113.577864,
              22.138715
            ],
            [
              113.577816,
              22.138643
            ],
            [
              113.577457,
              22.138432
            ],
            [
              113.57702,
              22.139009
            ],
            [
              113.576687,
              22.139056
            ],
            [
              113.576722,
              22.13914
            ],
            [
              113.576671,
              22.13927
            ],
            [
              113.576821,
              22.139374
            ],
            [
              113.576802,
              22.139533
            ],
            [
              113.576674,
              22.139419
            ],
            [
              113.576395,
              22.139237
            ],
            [
              113.576081,
              22.139111
            ],
            [
              113.575316,
              22.13878
            ],
            [
              113.573932,
              22.138542
            ],
            [
              113.571827,
              22.138385
            ],
            [
              113.571669,
              22.138179
            ],
            [
              113.571207,
              22.137799
            ],
            [
              113.56989,
              22.136723
            ],
            [
              113.568791,
              22.136045
            ],
            [
              113.567393,
              22.135506
            ],
            [
              113.566599,
              22.135051
            ]
          ]
        ]
      },
      "properties": {
        "label": "九澳"
      }
    },
    {
      "type": "Feature",
      "geometry": {
        "type": "Polygon",
        "coordinates": [
          [
            [
              113.568046,
              22.131384
            ],
            [
              113.567938,
              22.130878
            ],
            [
              113.567826,
              22.130386
            ],
            [
              113.564977,
              22.127955
            ],
            [
              113.564129,
              22.127508
            ],
            [
              113.562401,
              22.126255
            ],
            [
              113.561758,
              22.126573
            ],
            [
              113.561189,
              22.126305
            ],
            [
              113.55989,
              22.126524
            ],
            [
              113.558721,
              22.126235
            ],
            [
              113.558366,
              22.125908
            ],
            [
              113.558549,
              22.125172
            ],
            [
              113.558152,
              22.125112
            ],
            [
              113.557025,
              22.125321
            ],
            [
              113.556671,
              22.125331
            ],
            [
              113.556349,
              22.12556
            ],
            [
              113.556284,
              22.125858
            ],
            [
              113.555651,
              22.125699
            ],
            [
              113.553999,
              22.124317
            ],
            [
              113.553549,
              22.12397
            ],
            [
              113.553204,
              22.123522
            ],
            [
              113.553001,
              22.12309
            ],
            [
              113.552915,
              22.122658
            ],
            [
              113.553593,
              22.120334
            ],
            [
              113.554404,
              22.119982
            ],
            [
              113.555365,
              22.119863
            ],
            [
              113.556299,
              22.119915
            ],
            [
              113.556797,
              22.119677
            ],
            [
              113.556892,
              22.119366
            ],
            [
              113.556495,
              22.119076
            ],
            [
              113.556813,
              22.118672
            ],
            [
              113.556813,
              22.118444
            ],
            [
              113.557518,
              22.118537
            ],
            [
              113.557674,
              22.11832
            ],
            [
              113.557641,
              22.118035
            ],
            [
              113.556284,
              22.117817
            ],
            [
              113.555813,
              22.11747
            ],
            [
              113.556869,
              22.116274
            ],
            [
              113.557372,
              22.115249
            ],
            [
              113.558302,
              22.114328
            ],
            [
              113.558837,
              22.114089
            ],
            [
              113.559469,
              22.113944
            ],
            [
              113.559927,
              22.114094
            ],
            [
              113.56109,
              22.114601
            ],
            [
              113.561571,
              22.114824
            ],
            [
              113.561744,
              22.114824
            ],
            [
              113.56194,
              22.114783
            ],
            [
              113.562806,
              22.11428
            ],
            [
              113.562862,
              22.114037
            ],
            [
              113.562706,
              22.113659
            ],
            [
              113.56256,
              22.113462
            ],
            [
              113.562437,
              22.113286
            ],
            [
              113.562393,
              22.113073
            ],
            [
              113.56246,
              22.112877
            ],
            [
              113.562571,
              22.112721
            ],
            [
              113.562778,
              22.112607
            ],
            [
              113.563008,
              22.112607
            ],
            [
              113.563287,
              22.112835
            ],
            [
              113.56355,
              22.113037
            ],
            [
              113.563824,
              22.113161
            ],
            [
              113.564092,
              22.113265
            ],
            [
              113.565601,
              22.113493
            ],
            [
              113.565948,
              22.113457
            ],
            [
              113.566474,
              22.113332
            ],
            [
              113.5672,
              22.113156
            ],
            [
              113.567485,
              22.113312
            ],
            [
              113.567793,
              22.11385
            ],
            [
              113.567832,
              22.114032
            ],
            [
              113.567715,
              22.114249
            ],
            [
              113.567541,
              22.114492
            ],
            [
              113.566971,
              22.115145
            ],
            [
              113.56691,
              22.116108
            ],
            [
              113.566815,
              22.116668
            ],
            [
              113.566662,
              22.117141
            ],
            [
              113.566032,
              22.118423
            ],
            [
              113.565998,
              22.118983
            ],
            [
              113.5663,
              22.119801
            ],
            [
              113.566474,
              22.120236
            ],
            [
              113.566522,
              22.12064
            ],
            [
              113.566658,
              22.121251
            ],
            [
              113.567228,
              22.121655
            ],
            [
              113.567782,
              22.121955
            ],
            [
              113.568212,
              22.121987
            ],
            [
              113.568704,
              22.121909
            ],
            [
              113.568877,
              22.122007
            ],
            [
              113.569045,
              22.122277
            ],
            [
              113.569163,
              22.122598
            ],
            [
              113.569397,
              22.123059
            ],
            [
              113.569928,
              22.12324
            ],
            [
              113.570292,
              22.123587
            ],
            [
              113.57037,
              22.123732
            ],
            [
              113.570594,
              22.123851
            ],
            [
              113.571074,
              22.123815
            ],
            [
              113.571415,
              22.123815
            ],
            [
              113.572148,
              22.124203
            ],
            [
              113.572383,
              22.124395
            ],
            [
              113.572791,
              22.124995
            ],
            [
              113.573272,
              22.125456
            ],
            [
              113.573948,
              22.12601
            ],
            [
              113.574647,
              22.126451
            ],
            [
              113.575485,
              22.126523
            ],
            [
              113.575726,
              22.126673
            ],
            [
              113.576033,
              22.126958
            ],
            [
              113.576559,
              22.127952
            ],
            [
              113.576872,
              22.12845
            ],
            [
              113.576922,
              22.128848
            ],
            [
              113.575882,
              22.129149
            ],
            [
              113.574434,
              22.129796
            ],
            [
              113.572964,
              22.130464
            ],
            [
              113.570504,
              22.130795
            ],
            [
              113.568805,
              22.131023
            ],
            [
              113.568352,
              22.131262
            ],
            [
              113.568046,
              22.131384
            ]
          ]
        ]
      },
      "properties": {
        "label": "疊石塘山"
      }
    },
    {
      "type": "Feature",
      "geometry": {
        "type": "Polygon",
        "coordinates": [
          [
            [
              113.538908,
              22.166014
            ],
            [
              113.538843,
              22.165765
            ],
            [
              113.538962,
              22.165505
            ],
            [
              113.539199,
              22.164525
            ],
            [
              113.539415,
              22.163615
            ],
            [
              113.539555,
              22.162265
            ],
            [
              113.539814,
              22.160836
            ],
            [
              113.540149,
              22.159796
            ],
            [
              113.540937,
              22.157536
            ],
            [
              113.541714,
              22.155257
            ],
            [
              113.541908,
              22.155007
            ],
            [
              113.54261,
              22.154347
            ],
            [
              113.543679,
              22.153567
            ],
            [
              113.545698,
              22.152127
            ],
            [
              113.548559,
              22.152307
            ],
            [
              113.550707,
              22.152567
            ],
            [
              113.551894,
              22.152017
            ],
            [
              113.554669,
              22.150898
            ],
            [
              113.555748,
              22.150468
            ],
            [
              113.557422,
              22.150148
            ],
            [
              113.559785,
              22.150108
            ],
            [
              113.563855,
              22.151118
            ],
            [
              113.563834,
              22.151418
            ],
            [
              113.563953,
              22.151518
            ],
            [
              113.563229,
              22.152952
            ],
            [
              113.562803,
              22.153907
            ],
            [
              113.562625,
              22.154227
            ],
            [
              113.562166,
              22.154532
            ],
            [
              113.560872,
              22.154747
            ],
            [
              113.560234,
              22.154882
            ],
            [
              113.560055,
              22.154967
            ],
            [
              113.559937,
              22.155072
            ],
            [
              113.559785,
              22.155317
            ],
            [
              113.559731,
              22.155487
            ],
            [
              113.559737,
              22.155682
            ],
            [
              113.559904,
              22.156572
            ],
            [
              113.559991,
              22.157042
            ],
            [
              113.560795,
              22.157731
            ],
            [
              113.56093,
              22.157966
            ],
            [
              113.561416,
              22.158341
            ],
            [
              113.56188,
              22.158746
            ],
            [
              113.561982,
              22.158876
            ],
            [
              113.562139,
              22.159151
            ],
            [
              113.562322,
              22.159751
            ],
            [
              113.562258,
              22.160021
            ],
            [
              113.560557,
              22.161506
            ],
            [
              113.560778,
              22.161845
            ],
            [
              113.561475,
              22.16238
            ],
            [
              113.562144,
              22.16269
            ],
            [
              113.562312,
              22.16297
            ],
            [
              113.562333,
              22.16412
            ],
            [
              113.562468,
              22.164485
            ],
            [
              113.563021,
              22.165199
            ],
            [
              113.562675,
              22.165156
            ],
            [
              113.562226,
              22.165149
            ],
            [
              113.560935,
              22.165257
            ],
            [
              113.560153,
              22.165421
            ],
            [
              113.560019,
              22.1656
            ],
            [
              113.559791,
              22.165555
            ],
            [
              113.558614,
              22.16585
            ],
            [
              113.558437,
              22.165948
            ],
            [
              113.558344,
              22.165984
            ],
            [
              113.558107,
              22.166011
            ],
            [
              113.557791,
              22.166009
            ],
            [
              113.557467,
              22.166032
            ],
            [
              113.557037,
              22.166211
            ],
            [
              113.556982,
              22.166289
            ],
            [
              113.556939,
              22.166503
            ],
            [
              113.556901,
              22.166546
            ],
            [
              113.556849,
              22.166564
            ],
            [
              113.556822,
              22.166549
            ],
            [
              113.556764,
              22.166488
            ],
            [
              113.55671,
              22.166271
            ],
            [
              113.556628,
              22.166198
            ],
            [
              113.556527,
              22.166158
            ],
            [
              113.556429,
              22.166153
            ],
            [
              113.556318,
              22.166122
            ],
            [
              113.556241,
              22.166077
            ],
            [
              113.556171,
              22.166006
            ],
            [
              113.556111,
              22.165913
            ],
            [
              113.555917,
              22.165757
            ],
            [
              113.555918,
              22.165719
            ],
            [
              113.555808,
              22.165653
            ],
            [
              113.555547,
              22.165638
            ],
            [
              113.555285,
              22.165658
            ],
            [
              113.554757,
              22.165603
            ],
            [
              113.554305,
              22.165694
            ],
            [
              113.553853,
              22.165855
            ],
            [
              113.553526,
              22.165885
            ],
            [
              113.553319,
              22.165961
            ],
            [
              113.552796,
              22.165981
            ],
            [
              113.55193,
              22.165966
            ],
            [
              113.55139,
              22.16585
            ],
            [
              113.550682,
              22.165598
            ],
            [
              113.549957,
              22.165245
            ],
            [
              113.549598,
              22.165103
            ],
            [
              113.549238,
              22.165007
            ],
            [
              113.548841,
              22.165199
            ],
            [
              113.548546,
              22.165174
            ],
            [
              113.548443,
              22.164912
            ],
            [
              113.548307,
              22.164806
            ],
            [
              113.547277,
              22.164639
            ],
            [
              113.546618,
              22.164538
            ],
            [
              113.545931,
              22.164392
            ],
            [
              113.545757,
              22.164397
            ],
            [
              113.545583,
              22.164301
            ],
            [
              113.54409,
              22.164281
            ],
            [
              113.543872,
              22.164331
            ],
            [
              113.543742,
              22.164246
            ],
            [
              113.543597,
              22.164215
            ],
            [
              113.543104,
              22.16415
            ],
            [
              113.542815,
              22.164039
            ],
            [
              113.542478,
              22.163852
            ],
            [
              113.542189,
              22.163605
            ],
            [
              113.542002,
              22.163566
            ],
            [
              113.54184,
              22.163539
            ],
            [
              113.541508,
              22.163605
            ],
            [
              113.541252,
              22.163711
            ],
            [
              113.540963,
              22.163852
            ],
            [
              113.54074,
              22.164039
            ],
            [
              113.540322,
              22.165215
            ],
            [
              113.539652,
              22.166284
            ],
            [
              113.538908,
              22.166014
            ]
          ]
        ]
      },
      "properties": {
        "label": "氹仔市區"
      }
    }
  ]
}